ID,Estate_Name,Estate_RV
"SWKE0001","Abbeyfield Estate",1200
"SWKE0002","Acorn Estate",1583
"SWKE0003","Adams Gardens Estate",627
"SWKE0004","Addy House",545
"SWKE0005","Adys Road 001-011(O)",38
"SWKE0006","Ainsty Estate",742
"SWKE0007","Albert Barnes House",515
"SWKE0008","Alberta Estate",2304
"SWKE0009","Albion Estate",440
"SWKE0010","Alder House Estate",360
"SWKE0011","Alvey Estate",1145
"SWKE0012","Amery House",317
"SWKE0013","Amigo House",196
"SWKE0014","Applegarth House 157-209(C) & 159A",322
"SWKE0015","Arnold Dobson House",36
"SWKE0016","Arnold Estate",1905
"SWKE0017","Astley Estate",1912
"SWKE0018","Athenlay Road 020-026(E), 020A-026A(E)",51
"SWKE0019","Atwell Estate",1118
"SWKE0020","Avondale Estate",173
"SWKE0021","Aylesbury Estate",12008
"SWKE0022","Aylton Estate",473
"SWKE0023","Aylwin Estate",152
"SWKE0024","Ayres Street 011-029(O)",62
"SWKE0025","Balman House",323
"SWKE0026","Barlow Estate",1131
"SWKE0027","Barset Estate",1940
"SWKE0028","Barton Close & Beer And Wine Trade Homes",270
"SWKE0029","Beacon House",60
"SWKE0030","Bells Gardens Estate",2530
"SWKE0031","Bermondsey Wall East 182-186 (E)",17
"SWKE0032","Blick House",180
"SWKE0033","Bonamy Estate",1963
"SWKE0034","Bonsor Street 12-17(C); Rainbow Street 1-11(O)",84
"SWKE0035","Borough Road Estate",314
"SWKE0036","Bowen Drive 070-100(E)",113
"SWKE0037","Bowen Drive 106-120(E)",40
"SWKE0038","Bowen Drive 124-138(E)",40
"SWKE0039","Bradley House",445
"SWKE0040","Braganza Street Estate",42
"SWKE0041","Brandon Estate",13215
"SWKE0042","Brayards Estate",493
"SWKE0043","Brayards Road 075-081(O), 079A-081A(O)",36
"SWKE0044","Brenchley Gardens",612
"SWKE0045","Brimmington Estate",2776
"SWKE0046","Bromar Road 014-022(E) & 022A",36
"SWKE0047","Brookstone Court",384
"SWKE0048","Browning Estate",2574
"SWKE0049","Brunel Road 001-031(O)",99
"SWKE0050","Burton House And Morriss House Estate",352
"SWKE0051","Calypso Crescent 006-012(E)",60
"SWKE0052","Calypso Crescent 4; Chandler Way 105-109(O)",60
"SWKE0053","Camberwell Grove 032",27
"SWKE0054","Camberwell Grove 094",48
"SWKE0055","Camberwell Grove Estate",319
"SWKE0056","Canada Estate",1557
"SWKE0057","Carlton Grove",436
"SWKE0058","Caroline Gardens",891
"SWKE0059","Carterscroft House And Cassinghurst House",105
"SWKE0060","Castlemead",1112
"SWKE0061","Cathay House",144
"SWKE0062","Champion Hill 031",47
"SWKE0063","Champion Hill Estate",1044
"SWKE0064","Champion Park Estate",320
"SWKE0065","Chandler Way 56-58(E); Dorton Close 1-8(C)",100
"SWKE0066","Chandler Way 69-73(O); Savannah Close 1",72
"SWKE0067","Charles Coveney Road 018",42
"SWKE0068","Charles Mackenzie Estate",280
"SWKE0069","Chatham Street 067A-067F(C)",33
"SWKE0070","Chatham Street 083A-083F(C)",36
"SWKE0071","Chatham Street 089A-089F(C)",33
"SWKE0072","Chatham Street 133A-133F(C)",33
"SWKE0073","Chatham Street 145A-145F(C)",33
"SWKE0074","Chatham Street 151A-151F(C)",31
"SWKE0075","Chatham Street 157A-157F(C)",33
"SWKE0076","Cherry Garden House",97
"SWKE0077","Cherry Garden Street 38-66(E); West Lane 7-33(O)",171
"SWKE0078","Cherry Garden Street 68-142(E); West Lane 37-77(O)",336
"SWKE0079","Cleve Hall Estate",985
"SWKE0080","Clifton Crescent 020-034(C)",90
"SWKE0081","Clifton Crescent 043-050(C)",46
"SWKE0082","Clifton Estate",1929
"SWKE0083","College Road Estate",273
"SWKE0084","Comber Estate",3312
"SWKE0085","Commercial Way 60A; Kelly Avenue 1-3(O)",57
"SWKE0086","Comus House",460
"SWKE0087","Congreve Estate",1675
"SWKE0088","Consort Estate",2722
"SWKE0089","Consort Road 098-102(E), 098A-102A(E)",36
"SWKE0090","Cooks Road 141-143(O)",72
"SWKE0091","Coopers Road Estate",261
"SWKE0092","Cossall Estate",2253
"SWKE0093","Cotham Street 003-005(O)",18
"SWKE0094","Countisbury House",256
"SWKE0095","Courthope House",144
"SWKE0096","Coxson Way",160
"SWKE0097","Cragie House",148
"SWKE0098","Cranbourne House",137
"SWKE0099","Crane Street 015",42
"SWKE0100","Crawford Estate",2496
"SWKE0101","Crawford Road 025-055(O)",96
"SWKE0102","Crawthew Grove 045-055(O)",35
"SWKE0103","Creasy Estate",240
"SWKE0104","Crofton Road 059-075(O)",62
"SWKE0105","Croxted Road Estate",1141
"SWKE0106","Crystal Palace Road 146-172(E)",114
"SWKE0107","Darwin Street 3A-53A(O); Mason Street 3B-53B(O)",286
"SWKE0108","Delaford Road 001-043(O)",132
"SWKE0109","Denmark Hill Estate",3733
"SWKE0110","Devon Mansions",1841
"SWKE0111","D'Eynsford Estate",2148
"SWKE0112","Dickens Estate",4691
"SWKE0113","Doddington Grove Estate",2026
"SWKE0114","Dodson Estate",769
"SWKE0115","Downtown Estate North",819
"SWKE0116","Downtown Estate South",1082
"SWKE0117","Dragon Road 14-20(E); St Georges Way 86-96(E)",168
"SWKE0118","Dragon Road 2-8(E); St Georges Way 68-78(E)",168
"SWKE0119","Draper Estate",1428
"SWKE0120","East Dulwich Estate",4899
"SWKE0121","East Dulwich Grove 047-057(O)",76
"SWKE0122","East Dulwich Grove Estate",811
"SWKE0123","East Dulwich Road",376
"SWKE0124","East Dulwich Road 009A-009F(C)",40
"SWKE0125","East Street 218",36
"SWKE0126","Edison House",140
"SWKE0127","Eldridge Court",265
"SWKE0128","Elizabeth Estate",1511
"SWKE0129","Elmington Estate",5821
"SWKE0130","Elmington Road 110-116(E)",96
"SWKE0131","Elmwood Road 076-108(E)",102
"SWKE0132","Elsted Street 030-032(E)",10
"SWKE0133","Elsted Street 049-055(O)",20
"SWKE0134","Evelina Road 058-072(E) & 058A",54
"SWKE0135","Evelina Road 111-121(O), 111A-111C(C)",45
"SWKE0136","Eveline Lowe Estate",468
"SWKE0137","Fair Street Estate",101
"SWKE0138","Farncombe Street 050-060(E)",36
"SWKE0139","Fenner Close",147
"SWKE0140","Fenwick Road 055-077(O)",82
"SWKE0141","FISHER ESTATE",0
"SWKE0142","Fountain Green Square",86
"SWKE0143","Fountain House",56
"SWKE0144","Frankland Close Estate",412
"SWKE0145","Friary Estate",5427
"SWKE0146","Friary Road 069-073(O), 069A-073A(O)",36
"SWKE0147","Friern Estate",792
"SWKE0148","Gateway Estate",959
"SWKE0149","Gatonby Street 1-3(O); Kelly Avenue 39-41(O)",68
"SWKE0150","Gautrey Road 002",185
"SWKE0151","Gautrey Road 044-054(E)",30
"SWKE0152","Gaywood Estate",1481
"SWKE0153","Gibbings House",75
"SWKE0154","Gilesmead",238
"SWKE0155","Gillies Court",132
"SWKE0156","Glebe Estate",2145
"SWKE0157","Gloucester Grove Estate",2190
"SWKE0158","Gomm Road Estate",259
"SWKE0159","Goschen Estate",1051
"SWKE0160","Grange House",204
"SWKE0161","Green Dale Close",63
"SWKE0162","Grosvenor Park 004",51
"SWKE0163","Grosvenor Terrace 055",40
"SWKE0164","Grove Lane 072",156
"SWKE0165","Grove Lane 083A",52
"SWKE0166","Haddonfield Estate",639
"SWKE0167","Haddonhall Estate",1024
"SWKE0168","Halliwell Court",179
"SWKE0169","Hanover Park 040",30
"SWKE0170","Harbord House",70
"SWKE0171","Harfield Gardens",291
"SWKE0172","Harold Estate",536
"SWKE0173","Hartland House",26
"SWKE0174","Havil Street Estate",1016
"SWKE0175","Hawkslade Road 019-029(O)",39
"SWKE0176","Hawkslade Road 031-041(O)",39
"SWKE0177","Hawkstone Estate West",1898
"SWKE0178","Hayles Buildings",460
"SWKE0179","Heaton House",218
"SWKE0180","Hendre House",70
"SWKE0181","Henley Close",64
"SWKE0182","Herne Hill Estate",256
"SWKE0183","Hillbeck Close",203
"SWKE0184","Hillcrest",225
"SWKE0185","Holme House Estate",108
"SWKE0186","Honiton Gardens",291
"SWKE0187","Honor Oak Rise Estate",161
"SWKE0188","Howlands Estate",322
"SWKE0189","Inville Estate",372
"SWKE0190","Irwell Estate",387
"SWKE0191","Juniper House",468
"SWKE0192","Keetons Estate",1684
"SWKE0193","Kellow House",80
"SWKE0194","Kennedy Walk",75
"SWKE0195","Kennington Park House",250
"SWKE0196","Kennington Park Road 067-073(O)",63
"SWKE0197","Kenyon House",84
"SWKE0198","Kinglake Estate",2705
"SWKE0199","Kings Grove 056-060 & 060A",22
"SWKE0200","Kingston Estate",519
"SWKE0201","Kingswood Estate",4169
"SWKE0202","Kirby Estate",748
"SWKE0203","Kirkwood Road 116",21
"SWKE0204","Lake And Ley House Estate",180
"SWKE0205","Lancaster Estate",553
"SWKE0206","Lant Estate",474
"SWKE0207","Laurie House",98
"SWKE0208","Ledbury Estate",2477
"SWKE0209","Lefroy House Estate",120
"SWKE0210","Lettsom Estate",2723
"SWKE0211","Lewes House",200
"SWKE0212","Lidgate Road 001",42
"SWKE0213","Limes Walk",383
"SWKE0214","Linden Grove 040",36
"SWKE0215","Linden Grove Development",317
"SWKE0216","Linden Grove Estate",136
"SWKE0217","Lindley Estate",1965
"SWKE0218","Longfield Estate",2330
"SWKE0219","Lordship Lane 524",78
"SWKE0220","Lordship Lane Estate",1520
"SWKE0221","Lugard Road 030-052(E)",76
"SWKE0222","Lugard Road 45-55(O); Stanbury Road 56-78(E)",105
"SWKE0223","Lynton Estate",272
"SWKE0224","Lytcott Grove Estate",392
"SWKE0225","Magdalene Close",288
"SWKE0226","Manchester House",154
"SWKE0227","Manor Estate",2090
"SWKE0228","Mardyke Estate",388
"SWKE0229","Marigold Street 2; Pottery Street 7-8(C); Wilson Grove 14",24
"SWKE0230","Marshalsea Estate",492
"SWKE0231","Mason House",121
"SWKE0232","Mawbey Estate",649
"SWKE0233","Maxden Court",100
"SWKE0234","Melford Court",314
"SWKE0235","Michael Faraday House",666
"SWKE0236","Millpond Estate",492
"SWKE0237","Minnow Walk Estate",198
"SWKE0238","Moncrieff Estate",402
"SWKE0239","Monteagle Way",239
"SWKE0240","Montpelier Road 076-078(E)",38
"SWKE0241","Moody Road 019-031(O)",108
"SWKE0242","Mundania Road 005-019(O)",129
"SWKE0243","Mundania Road 027-031(O)",52
"SWKE0244","Naylor House",150
"SWKE0245","Naylor Road 060-070(E), 062A-068A(E)",60
"SWKE0246","Naylor Road 086-092(E), 086A-088A(E)",42
"SWKE0247","Neckinger Estate",2081
"SWKE0248","Nelson Estate",1516
"SWKE0249","Nelson Square Garden",1220
"SWKE0250","New Church Road 040-048(E)",36
"SWKE0251","New James Court",467
"SWKE0252","New Place Estate",4175
"SWKE0253","Newington Estate",2578
"SWKE0254","North Peckham Estate",4725
"SWKE0255","Nunhead Estate",890
"SWKE0256","Nunhead Green 014-016(E)",18
"SWKE0257","Nunhead Green 018, 020A-020D(C)",32
"SWKE0258","Oakhill Court",158
"SWKE0259","Oliver Goldsmith Estate",2830
"SWKE0260","Ondine Road 042-052(E)",53
"SWKE0261","Osprey Estate",904
"SWKE0262","Park Street Estate",903
"SWKE0263","Pasley Estate",1205
"SWKE0264","Peckham Road 087",59
"SWKE0265","Peckham Rye 025-027(O)",60
"SWKE0266","Peckham Rye 145-153(O)",93
"SWKE0267","Pedworth Estate",1166
"SWKE0268","Pelican Estate",1553
"SWKE0269","Pelier Estate",1844
"SWKE0270","Pennack Road Estate",497
"SWKE0271","Penrose House",976
"SWKE0272","Peter Butler House",216
"SWKE0273","Plough Estate",888
"SWKE0274","Pomeroy Estate",1340
"SWKE0275","Portland Estate",1200
"SWKE0276","Priory Court",458
"SWKE0277","Pullens Estate",2083
"SWKE0278","Purbrook Estate",733
"SWKE0279","Pynfolds Estate",621
"SWKE0280","Queens Road Estate",457
"SWKE0281","Quentin House",349
"SWKE0282","Raul Road 009-019(O)",67
"SWKE0283","Raul Road 010-020(E)",68
"SWKE0284","Redman House",582
"SWKE0285","Renforth Street",166
"SWKE0286","Rennie Estate",1767
"SWKE0287","Risdon House",95
"SWKE0288","Rockingham Estate",6075
"SWKE0289","Rockingham Street 056-108(E)",162
"SWKE0290","Rodney Estate",1191
"SWKE0291","Rouel Road Estate",4515
"SWKE0292","Rushworth Street Estate",120
"SWKE0293","Russell Court",223
"SWKE0294","Rye Hill Estate",2605
"SWKE0295","Salisbury Estate",1290
"SWKE0296","Sassoon House",109
"SWKE0297","Sceaux Gardens",2609
"SWKE0298","Scovell Estate",642
"SWKE0299","Setchell Estate",1695
"SWKE0300","Sharsted Street 024-026(E)",72
"SWKE0301","Silverlock Estate",1721
"SWKE0302","Silwood Estate",733
"SWKE0303","Slippers Place Estate",1545
"SWKE0304","Smeaton Court",281
"SWKE0305","Solomons Passage",240
"SWKE0306","Southampton Way 243",42
"SWKE0307","Southampton Way Estate",1932
"SWKE0308","Southwark Park Estate",407
"SWKE0309","Springhill Close",82
"SWKE0310","St Crispins Estate",565
"SWKE0311","St Davids Mansions",48
"SWKE0312","St Johns Estate",507
"SWKE0313","St Marys Estate",222
"SWKE0314","St Marys Road 019-035(O), 019A-035A(O)",108
"SWKE0315","St Olaves Estate",360
"SWKE0316","St Saviours Estate",3256
"SWKE0317","Stuart Road 031-041(O)",34
"SWKE0318","Styles House",276
"SWKE0319","Summer Road",72
"SWKE0320","Sumner Road 198",42
"SWKE0321","Sumner Road 236",30
"SWKE0322","Sumner Road 258",45
"SWKE0323","Sunray Estate East",543
"SWKE0324","Sunray Estate West",1481
"SWKE0325","Surrey Square 028-030(E)",48
"SWKE0326","Swan Mead",251
"SWKE0327","Swan Road Estate",792
"SWKE0328","Sydenham Hill Estate",1425
"SWKE0329","Tabard Gardens Estate",8527
"SWKE0330","Tadworth House",164
"SWKE0331","Tappesfield Estate",576
"SWKE0332","The Birches And The Limes",70
"SWKE0333","Therapia Road 018-022(E)",52
"SWKE0334","Thorburn Square",545
"SWKE0335","Tisdall Place 017-019(O)",10
"SWKE0336","Tissington Court",767
"SWKE0337","Tower Bridge Buildings",167
"SWKE0338","Tower Mill Road 083",36
"SWKE0339","Townsend House",217
"SWKE0340","Tustin Estate",3166
"SWKE0341","Two Towers-Casby House",475
"SWKE0342","Two Towers-Lupin Point",473
"SWKE0343","Unwin Estate",913
"SWKE0344","Vauban Estate",634
"SWKE0345","Webber Row Estate",727
"SWKE0346","Westfield House",122
"SWKE0347","Whistler Mews",110
"SWKE0348","Whorlton Road 015-025(O)",36
"SWKE0349","Willowbrook Estate",1204
"SWKE0350","Wilson Road 026",35
"SWKE0351","Woodland Road Estate",317
"SWKE0352","Wyndham Estate",2831
